Central,Energia_Total_MWh
1,13656192000.115486
2,7300756069.913242
3,24772318387.90959
4,0.0
5,0.0
6,0.0
7,0.0
8,13969173041.066362
9,5952399124.358103
10,0.0
11,0.0
12,0.0
13,1857735093.6080241
14,0.0
15,510753333.23460543
16,0.0
