Central,Energia_Total_MWh
1,13656192000.000008
2,1706906410.395438
3,9080130019.454369
4,0.0
5,0.0
6,0.0
7,0.0
8,5430003269.600472
9,2169525117.3955317
10,0.0
11,0.0
12,0.0
13,674181491.3568739
14,0.0
15,102492000.0
16,0.0
